Gene	Result_1	Result_2	Coverage
MTHFR	REF	REF	PASS
DPYD	*1	*6	FAILED
FCGR3A	REF	REF	PASS
F5	REF	REF	PASS
SCN1A	rs3812718	REF	PASS
ADD1	REF	REF	PASS
ABCG2	REF	REF	PASS
ADRB2	REF	REF	PASS
TPMT	*1	*1	FAILED
KIF6	rs20455	REF	PASS
CYP3A5	*1	*3	FAILED
CFTR	*normal	*normal	FAILED
NAT2	*4	*5	FAILED
CYP2C9	*1	*1	PASS
SLCO1B1	*19	*20	FAILED
ALDH2	REF	REF	PASS
NUDT15	*1	*1	FAILED
CHRNA5	rs16969968	REF	PASS
CES1	REF	REF	PASS
CYP4F2	*1	*1	PASS
IFNL4	REF	REF	FAILED
XRCC1	rs25487	rs25487	PASS
APOE	NOT_CALLED	NOT_CALLED	FAILED
SLC19A1	rs1051266	REF	FAILED
G6PD	*B	*B	FAILED
HLA-A	A*02:01	A*02:01	CHECK
HLA-B	B*15:01	B*44:02	CHECK
HLA-C	C*03:04	C*05:01	CHECK
