	gene	rsid	Result_1	Result_2	Coverage
0	CACNA1S	rs1800559	REF	REF	PASS
1	CACNA1S	rs772226819	REF	REF	PASS
2	RYR1	rs193922747	REF	REF	PASS
3	RYR1	rs193922748	REF	REF	PASS
4	RYR1	rs118192161	REF	REF	PASS
5	RYR1	rs193922753	REF	REF	PASS
6	RYR1	rs1801086	REF	REF	PASS
7	RYR1	rs193922762	REF	REF	PASS
8	RYR1	rs121918592	REF	REF	PASS
9	RYR1	rs193922764	REF	REF	PASS
10	RYR1	rs118192116	REF	REF	PASS
11	RYR1	rs118192162	REF	REF	PASS
12	RYR1	rs111888148	REF	REF	PASS
13	RYR1	rs193922768	REF	REF	PASS
14	RYR1	rs144336148	REF	REF	PASS
15	RYR1	rs193922770	REF	REF	PASS
16	RYR1	rs118192172	REF	REF	PASS
17	RYR1	rs193922772	REF	REF	PASS
18	RYR1	rs118192175	REF	REF	PASS
19	RYR1	rs118192163	REF	REF	PASS
20	RYR1	rs118192176	REF	REF	PASS
21	RYR1	rs118192177	REF	REF	PASS
22	RYR1	rs112563513	REF	REF	PASS
23	RYR1	rs121918596	REF	REF	PASS
24	RYR1	rs193922802	REF	REF	PASS
25	RYR1	rs193922803	REF	REF	PASS
26	RYR1	rs193922807	REF	REF	PASS
27	RYR1	rs193922809	REF	REF	PASS
28	RYR1	rs121918593	REF	REF	PASS
29	RYR1	rs28933396	REF	REF	PASS
30	RYR1	rs118192124	REF	REF	PASS
31	RYR1	rs193922816	REF	REF	PASS
32	RYR1	rs118192122	REF	REF	PASS
33	RYR1	rs28933397	REF	REF	PASS
34	RYR1	rs121918594	REF	REF	PASS
35	RYR1	rs118192178	REF	REF	PASS
36	RYR1	rs193922818	REF	REF	PASS
37	RYR1	rs193922832	REF	REF	PASS
38	RYR1	rs193922843	REF	REF	PASS
39	RYR1	rs118192167	REF	REF	PASS
40	RYR1	rs121918595	REF	REF	PASS
41	RYR1	rs193922876	REF	REF	PASS
42	RYR1	rs193922878	REF	REF	PASS
43	RYR1	rs118192168	REF	REF	PASS
44	RYR1	rs63749869	REF	REF	PASS
45	RYR1	rs118192170	REF	REF	PASS
46	ITPA	rs1127354	REF	REF	PASS
47	ITPA	rs7270101	REF	REF	PASS
